file	id	raw_size	packed_size	decoded_sha256	warnings
8X8D0.DAX	1	6206	4560	22cff5b9a2447fac0dc79fcecebf6c2a22ed910df686eb455cf979147eeced71	
8X8D1.DAX	1	16818	15066	d87c0fe5d02ba7da89110aa2c81b5956f84711d0d3a7dc8713acf79d1d0ce336	
8X8D1.DAX	3	16818	14867	1338bb17cc6f0fe36cb7f943fdf6d2eaec1175389ff7c7924bd8e1a79246f6c3	
8X8D1.DAX	5	16818	15215	cbb2a1620debcc25eba0444d8f58139b0b39a7bd4bb4b039e5d6b743a09c5c8f	
8X8D1.DAX	7	16818	14874	f5a2bed09f3e59b1302138ef3b7ac4817033fa19217aacf3d370427d511c7f2f	
8X8D1.DAX	9	16818	14286	a30f4d3894f393fd303c2297b5677bd8a8d20aa9b1cf06cb71ff066e9dce47f6	
8X8D1.DAX	11	16818	15651	6a2f8ec534ba54c022f744ef3661703a29a770503008fa56d4352727a4319263	
8X8D1.DAX	13	16818	16109	c92e79fecf801ce62f6cca475b03ac252739bfee8b12e5e1b580c3d80091ea59	
8X8D1.DAX	15	16818	16004	49ecd021869c4b634443a7a9c7baefd16524f92b33c865867da3bbba70fdd827	
8X8D1.DAX	17	16818	16330	68a09844620b8338b9a9f8f6b07678291691457c4c3bbb6398d3a602b7a02c34	
8X8D1.DAX	19	16818	14906	7c974256928e57f3042e5ef8859f5b211180f6f095eb89bf4faa555e27a1a5a6	
8X8D1.DAX	22	16818	14349	20a3ef0f0aa0c49e29489386a8c63acd3dcb67743bebe3e4caddb4a81eb6691d	
8X8D1.DAX	201	2048	580	158f32ca1976a9d0d087a12d75d2b746a053673e614c6b2ad6299eeb4e060728	
8X8D1.DAX	202	1350	540	8be3b6825e042101d0b4295e2abbd0be46e14fcf91a9be629c16a324ea4ad81b	
BACK1.DAX	1	7870	3906	9680e092cae5e4ed13f5b18972d7a403b2677fb565bd7de174872a581705cb1d	
BACK1.DAX	129	7870	4234	7e43ec50f60a456a46242943f33307de7436985027fb4d97981b34a9c82b1386	
BACK1.DAX	3	7870	4574	13d2ece4411854da245fbcac4fc7a83762d0ac0f754d8c2bf7272af32856ceb7	
BACK1.DAX	131	7870	3314	17601ebb6b1945be54c72ec08d64cfa9eefa05a5f3d4a620d53c86074a0ff067	
BACK1.DAX	5	7870	3166	91835fed9a124c8a31a75644da7ebadc65b2270c31b26bfdd4006ead93391006	
BACK1.DAX	133	7870	3954	d92f11d7649b3365676bab676e630e06af7bbf7e4b25734698ea8ff001ff8da9	
BACK1.DAX	7	7870	3907	3583d060209b7aef1cf1089263b4ccca6141cef32d53a8b3b68c5a7e60c68b77	
BACK1.DAX	135	7870	4865	01869a99db20fa52d04624de679b6ac9a14ad9ef372cdc6eb2a31c274deacbfb	
BACK1.DAX	9	7870	8062	e73e42db11f8a0da169d887807325870e2932a6ebf2500d69c8c6d0ef2f7035a	
BACK1.DAX	11	7870	2926	4bf0589f06af90ee0278067da8d0b6c603748cfb533082775ef10dc85d26e0be	
BACK1.DAX	139	7870	6845	b555d8ce3b4c272da0df8299d6378f048c1fa6e3aa22dbb392f8716aa929afc5	
BACK1.DAX	13	7870	6359	766b1b63b9f109150ffe77caa6b3762d4a24661123a375a5d007e0b0ce61b99d	
BACK1.DAX	141	7870	6827	2c09465c3270a5fd7fc669746b9ecee1058cc25e0c1f6aa03b37292b8932ccda	
BACK1.DAX	15	7870	7093	e99d851b95bffea582cda31050830bf34af65ccea3d0e014b89d2876cc96996d	
BACK1.DAX	143	7870	6928	7d4b6eb6c4a0c63adad8721617030d9dcb2a76a585951541068a9c16b271a991	
BACK1.DAX	17	7870	8059	4821f77b5824e00032b432ba49a3f218a8f3f221ee956740b690620e1adc1507	
BACK1.DAX	19	7870	4476	749693557eb40c3a69187848f0006020c9f52b65b4af83683601cbfe21ca2604	
BACK1.DAX	147	7870	7459	31c4ddbaecb85a2235de558fe99407ae6ae8f19c208199f23e3840f47cb885e6	
BACK1.DAX	22	7870	2679	7ae525472e3a28da3753ad5cb19df27166df53824afe23c25f72c4a5bebd5329	
BACK1.DAX	150	7870	5145	5e2430affc6b0bb2037548540ee30f6a0a743e01eb20483dbd6fa47a1680f679	
BIGPIC1.DAX	112	37278	37238	98e10a8eb3dd73d598731c2b3a84c8f8be329c8055ab24ff35e2c8d8e552b283	
BIGPIC1.DAX	113	37278	38399	917f94fb9f737728c86090999cc6aa5256169d137ea4739d08810a701031acc2	
BIGPIC1.DAX	114	37278	27332	814d18164920a419d88b0d3d7ed98af35890c9b30e57469ce0db0ced9f0d8b2e	
BIGPIC1.DAX	115	37278	32287	d4843be556ec6d9dc66da6cde0725ff5f9fa69a2bb4e999c78c0a9e64d7ffc50	
BIGPIC1.DAX	116	37278	37171	fc609a3539ef330e56947b1435ec935298c309063cae06986240f107e57028fd	
BIGPIC1.DAX	117	37278	31000	5f88ab7cc3337a300439415a1120bfc3893b9eb81af78a1c1c820d6dea05ea89	
BORDERS.DAX	0	838	660	a5b781b47d89f02440187deaed8e03f51fb2be6393ea680020350605f156d666	
CHARS.DAX	0	758	439	7b994f5eeab06b2ed5a581bd15626a0725c586b0868ad057280c19989f0d597c	
CHARS.DAX	128	758	428	fd8e24067fd67d3f349f741ca0d0157eb4674663fd1e33cc2494c3badb786512	
CHARS.DAX	1	758	440	068d6d6d10e9ae0b6338504c6da44102647bdef495e5172d3cd1c78f234ae4f4	
CHARS.DAX	129	758	436	b00ca86e1b2a6de87341fcb9bd29bb25f1b02ed288aa0dbe6ddac90f814fdeb3	
CHARS.DAX	2	758	431	23695c9274b2443ae9b3935f0c253008b2d5499fbf37586742dee836c7dad825	
CHARS.DAX	130	758	423	e8557ef74c33cfa84a1a1c4bdf3a68e1a8b595b0b6483bda9de63deb89ead671	
CHARS.DAX	3	758	461	6ba56f8e5ea6c5c16099e308727c003d0702f431becac7bb34f5c930ce4c8dcd	
CHARS.DAX	131	758	455	6130b7cfcc912b9054ab26fb75f47a4a142cd5b3c344dd1a3a220e5e87bb6c36	
CHARS.DAX	4	758	441	ccb90d6fcd113b26e64b583f0d5482179306a9eb86f0d460783031e99c65514d	
CHARS.DAX	132	758	427	f928e5ee37d4964aa56b2b1e8888e0d343c76fb28703be27c0589a4fe9291fea	
CHARS.DAX	5	758	444	1b929b2848dedb7996540136f4f9243ef1949ef0de8b41c16da44c1e2b34c347	
CHARS.DAX	133	758	425	3e728717a848051470097adb957f17911fc70305fb060c50b99e472a4f406bff	
CHARS.DAX	6	758	458	adb582ec09ed4b2729be9e62ca27dda61518f670ee2eac44ac508e7a6dd4df2b	
CHARS.DAX	134	758	463	7585b65ca51e3c19b22b94d1923747043257d123790b3722a8dea4c2060e74b8	
CHARS.DAX	7	758	429	6f28bea5c885a4c33a784ca70b53268c5a66c42813f681daeaa5847772db4e5e	
CHARS.DAX	135	758	427	de1129609bfa08b966248df3cf2fab3fb19c3954c84bbdedbfc9b33785535623	
CHARS.DAX	8	758	435	db6cb706bfa64fae0deebc5c916262daa8d7bb7fbc806cb5c50e430ded65ca58	
CHARS.DAX	136	758	428	5581c2b5986eb77b8067bc2ec01175c05cd30faddc3a6d878a8160662bdfb922	
CHARS.DAX	9	758	444	ecfbd0c603d3451de247d52134cd1129afbdb0c802c6ccbd92df4ec2480c0e1b	
CHARS.DAX	137	758	425	9e3723198c6be29e6d1e9a561a871ce4a6bdeaba39f7d8b9ba5abd2710edb675	
CHARS.DAX	10	758	425	07abe471213e9686260a331a754d11f7f9c3257c6f4c0ecf752d3f95a7b60e4b	
CHARS.DAX	138	758	418	b836166eb7833bd078a7701d79896abdc2845f4eb27491dfa58f68d9bfb4d6ed	
CHARS.DAX	11	758	436	7681f0f8f4b38ebfcecc6d9fea054a35d77edddf9aceeb594e8b2a8c2022b24d	
CHARS.DAX	139	758	422	859423cc8ab2f814a6e313dbce241740ea566267fc92adbb87ee0918538ce0c7	
CHARS.DAX	12	758	433	5d58daa67c2a0056ea2805d77fc36f7af39e83783c0ce8ee200d92c4e31c7bb2	
CHARS.DAX	140	758	436	b43180ef04f8ae351dc6253a987465f1c299f179ee149d519e724dea0855acbd	
CHARS.DAX	13	758	427	68d280d5af902b4af3a4fc8198b11a738240169bd623dd5db84cc25f72ea6d42	
CHARS.DAX	141	758	422	93769329f7b9085d3cb703e3ef88a1f866a942b124af582715856b13ce229366	
CHARS.DAX	14	758	427	1e4d1acba44806418044405800e9a563828d8ac86549b82f6021f03fe6bf75a4	
CHARS.DAX	142	758	425	828eabe4899b5fc81948ed2104f62931df89a396c082f52f13f6e79392572364	
CHARS.DAX	15	758	422	4eb2d41ef42b91f33aeb450429955b35479862658ed02638b7b1d9b427be946e	
CHARS.DAX	143	758	425	7ac1fb594406d2f6e1d750fa5e186572ba720e9dc9b560dc33a20f70130b5490	
CHARS.DAX	16	758	464	ec87dea6998086c6c4401b618c7c0fb1c0050880ba2e9c0fede42f670c7bd43b	
CHARS.DAX	144	758	452	e3d010473ce6abfda38ec7ff7449691931f09a21e81ab766d5318b290283c25e	
CHARS.DAX	17	758	376	b67b61216a4f1b875b3f2cece35841a390fc44d956dcfeedb3ac7d3092ebf149	
CHARS.DAX	145	758	373	4905123c75520e4093757e65e5d2ef13b50bd5cf332c7caba9c6615708cc220e	
CHARS.DAX	18	758	411	c81927cb2454cc242aa70b50bca4eae753a67bfc527a382fd58646af33332370	
CHARS.DAX	146	758	385	083f99188afca2d814b501883f65cf7347dc5baeb5741d359e7dc8e2a882af31	
CHARS.DAX	19	758	417	4e65d466a329add0db10a5ed115cb8fce76aac871c2d635b861ada92f3b644be	
CHARS.DAX	147	758	404	ce61c05aee5a84c4f0034564ccc44976eb2ddb8bdce95a3141cc0c877f36b9f4	
CHARS.DAX	20	758	415	3b7e48de213727f1e968bfc4091deb748dd9d0bfd1167f955c2cd49624e7c1c1	
CHARS.DAX	148	758	399	4d3042f20ad8c05cd467133b15e1e4334efb390a2569bf7528d6cd0d681464c6	
CHARS.DAX	21	758	450	f3d555327902e3d66f11547dd3b854576b52a22bbfc5c1e5d0ef24797825d869	
CHARS.DAX	149	758	424	53196851ecc59dd8118ef76e7df3fdcda19489bc86ee114b5a193c93e010eef8	
CHARS.DAX	22	758	474	af6eaab20e1d4cf89685afe11d50d14dfec7363922f60186ceade3dbd241cc7d	
CHARS.DAX	150	758	441	2a7c000f296d8ea341b59343d6144200aa36aef490c2a5fad63db400cde7f76c	
CHARS.DAX	23	758	524	83d22621bafa872a77956c8e691d55a14f65f633854c181032cecc9ee0eb7232	
CHARS.DAX	151	758	485	16e8756b234978f8b226829d6412b88727ffe348491fe6fae5a7680e627ed06b	
CHARS.DAX	24	758	459	4f1db79cb295cc59dc080acaf63ace5fa39a40b1ac98c9c372cd034113c28193	
CHARS.DAX	152	758	426	054508144b07a9812f3974a783abc7171a976d3e6b27821571abe6ee04af6938	
CHARS.DAX	25	758	410	14b724993ded8c80a8a2ddf1201428384cc9f1c1d0b701c2fec219ad3a26d7b6	
CHARS.DAX	153	758	412	53c314db713fd39bdb73b5b8be91ecc781d725b58d3400a81e790799222ba3ce	
CHARS.DAX	26	758	462	a8382cd207d98d923abfc8e4bfa19bb34ac03e152d86512f8646f4bb05cd7a00	
CHARS.DAX	154	758	424	24bd76f2af898e21c6dea69ee07aa9b3ec31d3540475952b4d5a3d9a1c79de05	
CHARS.DAX	27	758	470	e59fe63ecda5b365dbdd5cca76e7eaf0431ecfb5bcea815ea03b10d831f655db	
CHARS.DAX	155	758	477	0fcd1078ccc4481b69ef3dee4883c57cbd9b426a3f07d2cc6e3beb9786c3a3af	
CHARS.DAX	28	758	485	4c86c358e3d3b489a0e97f1c87fdc3bff18d76d5b52d201b6d1e3d545a1eeebb	
CHARS.DAX	156	758	456	38ff23d3d74f7f1bb4b7e319eb81eee69490407f237525480bd006fad8dfa680	
CHARS.DAX	29	758	417	f1b01856eb7f10a8a59fee796000755b75c07d715686fbcbf05ed4ed288eb2ee	
CHARS.DAX	157	758	398	fdaf3652ddccaca341739c5fdc12d1188daf7589887419c22d92b7203732dd72	
CHARS.DAX	30	758	407	f5da0edf97d80b761d119b1f56a781120d23f0055b8d06580c7aeb1aac47a4d7	
CHARS.DAX	158	758	367	19aab0172790cc97d0a694c4d0d2b53a1cd57becaebe24c582f6d4f8d3502ae5	
CHARS.DAX	31	758	487	34bef0f9237d7da89b89ec63d76938b6f26778bc48e4dfc981bdc70f88745bc3	
CHARS.DAX	159	758	493	4a0dcd79735a34c3bc879ef981de520e5177300cb0fbbbc53af43864ffcfd906	
CHARS.DAX	32	758	467	68c66a4f48b0a92e2df5a06aa31cd4aff3247a7e9a0f891abbbcdb42d4be3567	
CHARS.DAX	160	758	457	dcb6123881a7ec4727128e794d485d0e49a26f5bff3091e8e1b6c8b1f5f571ab	
CHARS.DAX	33	758	460	1b464d54d14c0a6c32f3fa087e9bf99fdbd650ffe633d895669e55199978e1be	
CHARS.DAX	161	758	444	c5952c902825ed8e8c72829a229dc773c263814f5107dc779872c4d50221a3ae	
CHARS.DAX	34	758	436	aa0a558573cce37c5819e0e4a4e3c6d5d8ffdb1b5035b439d0cd1aeab3f2e051	
CHARS.DAX	162	758	437	cd7df5a487cfe0b290efd81a1f4d3949bdf4700b8ab6eb2d68fa314b7cd9cdca	
CHARS.DAX	35	758	460	ca80e7659b11f2872be8334be1a2c63bd4324722638157e72471ea55eafe15c0	
CHARS.DAX	163	758	438	7147f1c803222a78c23e5bc5e58385d261c5ff322371eff25d8e5ecebb92833c	
COMSPR.DAX	1	702	429	e0cb04ff84373b3fac1d4dd5c0a74f47386e8f1993f375607eb6cd971210ac82	
COMSPR.DAX	129	702	429	7724696fb857a0dffea83f40d76d2c87966c52dfaae8662589ebcbff0bb03720	
COMSPR.DAX	2	702	417	87c2d551635f9a2a032c91a428cd3a2535295e8092c6bcb2561b96e2c92ebc76	
COMSPR.DAX	130	702	417	0d626015cc656a94e9214762087fff0bd5a702d75edb55bb201c6c6e0645b812	
COMSPR.DAX	3	702	362	e9f6e5ae63e8542347233ea1a5ad43e4bfbc5631f4a094454a93f98d49764c89	
COMSPR.DAX	131	702	360	8b52e0b8ea59036304f9de27975f2999a679b4ae11dfe76c5574d12c1c82374b	
COMSPR.DAX	4	702	218	aed292eb0c3b05b8bc5f5d5c77194a20ad7937f254e590a7eb4eaa65e324aadb	
COMSPR.DAX	132	702	218	aed292eb0c3b05b8bc5f5d5c77194a20ad7937f254e590a7eb4eaa65e324aadb	
COMSPR.DAX	5	702	196	7017018ff62899c500b68ca932326ea4814cf9a70a03eb2051ceeea0fac4180d	
COMSPR.DAX	133	702	196	b68cb7838da0cd25860faef6dad1fc7c94aaa5b33d70fe220443e10a49b5359d	
COMSPR.DAX	6	702	152	a68c99aa5a7979789c11c783f503b4697f561ee4a578d8838b34bf5ab9bd8f28	
COMSPR.DAX	134	702	152	ddbe6cc9452a917c7126821e11516e0c0ae9f974228deb20bd022ac01b1bce1a	
COMSPR.DAX	7	702	228	8ee3c1ce6cf950543210b40d1c1c97462819d83760df5cc10cb4ab2f48af4768	
COMSPR.DAX	135	702	228	7b69c3cc85fa887e321a3f54b2303ded774c1cfa2c4dd239703a9de2f1008aab	
COMSPR.DAX	8	702	226	e1b81b905d526b17b6fa71d287d93f96bf402a097a69003f5bb6453364b6bd73	
COMSPR.DAX	136	702	223	02f27e29b2e2346251a60d355a53a18d9c49804510edd752af63a324ad025783	
COMSPR.DAX	9	702	207	509d8b303665c01b742409c6e9e3d03d14569c7d7927456d9f92bbd863b9af59	
COMSPR.DAX	137	702	207	7bcf9ce0adc9e2f1d1fc73bef269c09063510404b90746d1ba0aae7c73f3fd9c	
COMSPR.DAX	10	702	198	70fccc39cf012101b27bc67910357240dd7ad29be6bbd5ac906e92f8aa209608	
COMSPR.DAX	138	702	198	e024dd21bc3d9d9de60fd9fb01ed758ac050a5f384b7c60d4ed35d47bfd9bdbe	
COMSPR.DAX	11	702	198	b010389e04d31741e0c4d45e9de3f02579de22efd5efed37ac0478f659a88af5	
COMSPR.DAX	139	702	198	bd1c0141a5d97a0b8c563190f4f9a458731796990db0696de8163a7182f9221d	
COMSPR.DAX	12	702	182	830424451ea46be5fdaa135d96fad412c0f354c9689a45740b132e9e5ec7a926	
COMSPR.DAX	140	702	182	8ffe8d3d7eade669f3326c83532a7d4d1b556aeeb949d7a0d6d8a06609ceae14	
COMSPR.DAX	13	702	256	62cef7e34602a7a7c36dd6f137e7852e377aeaec07da86111db4bfecc51fca3b	
COMSPR.DAX	141	702	256	edd1e1dac700b7cd1bcd9c0e435e9e8392cfdd82d855f7c2107f9facd93623f9	
COMSPR.DAX	14	702	256	a310d1d1c70f85d4e89e387e278af5b54cdf264d49405c0ad43a5d69cfe6d1db	
COMSPR.DAX	142	702	254	542dfc1a33f302c7f9b3665cff06181a9ca9a294fced5289bc3f628896bbb709	
COMSPR.DAX	15	702	206	e08e7c81794718db246b9ed6e3319a8bc9cdea66013fa0c6e348e30d8f52b0a9	
COMSPR.DAX	143	702	206	b6244867575d720ea855272bb5cc20a62b30cc4c22adc88b99d4879b39a296a0	
COMSPR.DAX	16	702	451	bd07f67947ec8f412155be7f2e755488fd19f52aafc9677a7608a257e5c74d86	
COMSPR.DAX	144	702	705	9419fc08c53fa64a02a6222d46c5a86211dfcae3751e3ed579ab527a6b53fbb6	
COMSPR.DAX	17	702	331	a2a080ed3a27bd1b36c9a9e6848d3771999d7e98f7aff6591a0f13fc5303d22b	
COMSPR.DAX	145	702	552	ffa8ce18faad35e449c6ddd00c9b5f364b752c18a64cc9634277f12a06cef0c1	
COMSPR.DAX	18	702	550	b28b57017c7770d9b4a2a6833f161c09424ddd83bd8fe5bf3ccbd8f1508d6f77	
COMSPR.DAX	146	702	550	cdc86b7362cde4b31ee0d903414d8c6d96f0a2e424b7d6477776da595fdfa372	
COMSPR.DAX	19	702	493	0607ccfc21ab344dbeffd7326b469814c0315db7d308b078790f7fe01aa9ef7c	
COMSPR.DAX	147	702	506	02ebc72f245af3778afa1b6f5308af60325fefe4608f76e5e542a010249974ca	
COMSPR.DAX	20	702	226	e8267db3f432b016e6787c29b2ecad43f0e1192b441cd955f6ff6a2589fd5e57	
COMSPR.DAX	148	702	226	e8267db3f432b016e6787c29b2ecad43f0e1192b441cd955f6ff6a2589fd5e57	
COMSPR.DAX	21	702	658	4a7427508cdea1823e4b33a16ea295c4d7b8164aa509ed99b9c875eb7880dad9	
COMSPR.DAX	149	702	688	20b69373bd311cc6526706227aa53e8a781979ecefa7e7924db5492cbe69456f	
COMSPR.DAX	22	702	689	91a2c77ae7e7c2a775501ff0ed78676bce33d15e69b34a789a9064f462703cb4	
COMSPR.DAX	150	702	641	78cf07d9436721a1b55b36380608a4c3fc5f83dadc75aec07cce806d3ec57740	
COMSPR.DAX	23	702	348	923ef82b27103df4b05a27aada97880ee71863c6f6f0c29b3f02e9a81470cc0b	
COMSPR.DAX	151	702	146	def3e692227e0a30b59b076c8ed74133114060746322384f43300393155c06c4	
COMSPR.DAX	24	702	532	dec2e749417a3c661883669761e2c3b3856a89af6e43284f040e0e3dc83487c0	
COMSPR.DAX	152	702	372	fdb5d9d8df64801602c0190bbf7a96440dc9f72b61229c57d0f3e0ae7479189a	
COMSPR.DAX	25	702	205	5f43e8b93c6a20f351476bc7d8f0e4d6e1fab7034252633f6fa18fce9547a13a	
COMSPR.DAX	153	702	204	7b9ab98ea43f44e89a7cba972d7ea5671f61d0262359347b19005995a58208db	
CPIC1.DAX	1	982	633	aba282281d2676c111f77d00c62e35b4ce3d043d5534540cd6894758a2e88d7b	
CPIC1.DAX	129	982	615	0d156b07a0988c9ce9e8fd781742974a427bb644326306ad9e55ed17025498aa	
CPIC1.DAX	2	982	635	fcbdcdea72c4d766f0d5c0977b1ac2c2792003f8f3159ea20ac61c9c68c2119c	
CPIC1.DAX	130	982	617	b6bb6c9e8fc9ee7fa91ab4534f721d18a539c1f4905baeb0e746b1417fdd72b6	
CPIC1.DAX	3	982	635	4dab426aa3f6623abb4ac949b07ec05cbc06889b4764d7e834b0308b7a296a36	
CPIC1.DAX	131	982	613	014255c5cff727b59805a48e3a5e34aa79c6f64e897ad8763e204fd9ac8e4764	
CPIC1.DAX	4	982	627	144f59a27446627b2a4d7212290dab91f61567f50db088321099e9e5e7ce5813	
CPIC1.DAX	132	982	610	958bca372cfdceb34436ea2019338dae30b33ebf6cd121dc15e64802c3b3a4b6	
CPIC1.DAX	5	982	650	3730a76c49f518a79ee1fa9b6f3be84860fd9193a24075ce79a1a12df0db1f20	
CPIC1.DAX	133	982	642	8ef7b0a8529a2e78fee255bfb4afc57dc959157b7bcbeb8e0008661f82593b3e	
CPIC1.DAX	8	982	643	c3e19b6b76bc79d38d10d02df94f48f25e13c6097b908c5f747c94d1e61b685b	
CPIC1.DAX	136	982	631	197a53606f6255a4d12447a638d8d14868ab0244d9f8c99caff2427ce1401360	
CPIC1.DAX	9	982	804	92e2747213decbae60351dbcec3fc007de339e86ef00e6000a665c3c15ce54d3	
CPIC1.DAX	137	982	827	9e8bed84274361f1b43f516890c3f520b49719e43266fd197dac8d942ca50bfa	
CPIC1.DAX	10	1558	928	5ca6fd80edd8d34742cfe5e97b3b63fa64564473679235b7d024eff780530625	
CPIC1.DAX	138	1558	952	bac6a3d1f26f437c2a5b9a3471276ccb96e122e6c682e258c7befd4935a2d02a	
CPIC1.DAX	11	982	778	581d12cfbd3529211f074743359adca28fb6011db650161d967e4f99e89ea60e	
CPIC1.DAX	139	982	755	2f20c6f463c73836feed2bb183ea8788b7526237ab9e2803a98228ff8eabf84c	
CPIC1.DAX	12	982	676	f6d2fd026141e49a52fa0079c9b21fc4cf5fb62d2ab6062312ae180f11c9fb5a	
CPIC1.DAX	140	982	702	c7bc7aa2696d7013e9cc996780f58fe7818b91f1a582a9a4b8ff54c4016043dd	
CPIC1.DAX	13	982	678	6bedef64f670b5cbf245317d56a235c4d998b584c9eab77c2bf276a91d1b7167	
CPIC1.DAX	141	982	703	d16d13492fa2da472fa73e5668ead28c2f118eabbf0869f1f3878bfc94273887	
CPIC1.DAX	14	982	671	628bc2bf70dfa83e3b84f4e97fdac4456dfd827d76fe6f7d38a853fc506d20f4	
CPIC1.DAX	142	982	616	bf277cbf5344d631fbf337d56bcf9064f0276e44353979eca3efae9193dc46fc	
CPIC1.DAX	17	982	696	105bd15133235a65a50208643b4c2cc1738581cbded41094b2a0f9cfd9d0f376	
CPIC1.DAX	145	982	728	96ac8b3c737be4561e5b1385fff6d4321d270b09a31f0e5775b7bf7fb81b4ce9	
CPIC1.DAX	18	2710	2290	d698c424fab404903fe1bc60512747dd0d55a4556b35dbb090e0c25ce3ac29a0	
CPIC1.DAX	146	2710	2135	c1e57c372645d94b1ffbb096164073251339e49783a7643ed0eb2dbe251323b4	
CPIC1.DAX	19	982	682	a77deb63aeefeeb4b2da775914b1956757c5409357fc9ec8a4bfd4168efe9439	
CPIC1.DAX	147	982	634	86797df6b0c35671f2c0754d46fe97917be03cddfd82efce04ec31bf94b0eaca	
CPIC1.DAX	21	2710	1613	2467db6e3899238b4427c5f07f8080b37280b0dbfb073701975573c9ee29c92c	
CPIC1.DAX	149	2710	1625	def11fc6abd2431a3551d642d7c4293050e28a6a3346ab5ca4080c8ce91a317f	
CPIC1.DAX	22	2710	1783	ac66d4a265ee09b3827e0f6073233d563661dc205c48d19ec431a96a291bdc2c	
CPIC1.DAX	150	2710	1688	e7f8d2cf2623177e0d075b69c6a6ab7c9b1f07eefccad1215a67d9dd5e665537	
CPIC1.DAX	23	982	642	b3c23a5dc513f338d70f40ca6b73c573ddcb026d9d04e2f4fa3dfe790660a63f	
CPIC1.DAX	151	982	590	5d1ca3273878e332c25c03f735de8252b516d23a5a784beceadd9e339b835c0b	
CPIC1.DAX	24	982	763	8e725703c4b7a51a73cf27426af23d084c52e6db51ff024d690dac46c6a4bd8b	
CPIC1.DAX	152	982	717	5ba21e3e82e9fefef7a3d8e38530a81e956764d35dd852fc537ce56f88de173e	
CPIC1.DAX	25	982	713	8d29efae6244fa2739820f48e3860ecaf62354da20b6f30b1022b4fad91e23e2	
CPIC1.DAX	153	982	670	da124276a593c1d25599bb7ee887bee62ebdea2f390e87143eb489b5925708c6	
CPIC1.DAX	26	982	650	4a2ddef99f8f50afdc19f1beca98b05d2056685d534d2fe32dc4f91466c55512	
CPIC1.DAX	154	982	667	2eebf0c43d9c9667fa5a861542f9d20166094440c9057d611317ed37a9042e20	
CPIC1.DAX	29	2710	1244	4aee1bb3115e63c81019820c86c02df80cde5ab811870b1e39936004255d604b	
CPIC1.DAX	157	2710	1296	39d2c6e027f57f3fee6e094c63943f2b999ca1cbfb49ff5c8ed592852ab268c4	
CPIC1.DAX	30	982	655	a7df321bc2afbc14602ba49e9c2839aa7b4af67a4ce14eb251a376c405c3f513	
CPIC1.DAX	158	982	659	f331f35d6ad4f8480bcbf54206fd399e6acd2014553ac36721c8be01e8959236	
CPIC1.DAX	31	982	622	136cd272459d92a878609adf12b95cbaca1b5d0afaf5bde8e9a4b4cf96524d97	
CPIC1.DAX	159	982	613	0cb08b76dedad13b43bca67cac5b93da802d2483db452f258887cd66f9452769	
CPIC1.DAX	32	2710	1787	ff12dc84429912d0ec0b949ec524ddedf01fcec7e02eb21ca92a5fc51c2d8981	
CPIC1.DAX	160	2710	1839	3ccb6f918c120f59858489f459f38587cf78aec58d4df6bbb2a8cdd750b33533	
CPIC1.DAX	33	982	600	7b3b01b68a4d33df1a5df6ccc16d8b918dbfc530029dac7ad92d745a8c0a6b2c	
CPIC1.DAX	161	982	634	57b5f80e84141ac2975cc91a1a0e4e71b249c07be816d4d82e9e6a9463eba009	
CPIC1.DAX	35	982	683	f09338f07ac59fdfd407dd7288d5c68ca6a9705def2a0639efadc3a2cc12cf7b	
CPIC1.DAX	163	982	712	494e4ef9a966789c21172b052787b72173878d8baab45d94e356a413165b5786	
CPIC1.DAX	36	982	658	d423e13075d8bd54498e65567b759938f4b3f16d2efbcab16adf0c3b3b66870a	
CPIC1.DAX	164	982	653	06b15903885329523c4baacb10d4098493a446b1fa6c97b579e0f63e94a9fa4e	
CPIC1.DAX	37	982	609	69a5b9debfb33d4863a005b9fcfa2810bce504eb6bf56f9b3141031f73a97f91	
CPIC1.DAX	165	982	673	de6906ec14463d8e73cb66d6f3055495f58eb6e1cada5e85919c2edd4a211a5b	
CPIC1.DAX	39	1558	1022	a30a3258526fb6f8f6490fbf472754c953a240b9ef0269ccdf670ebd544fe2a8	
CPIC1.DAX	167	1558	1134	34f1235ae9eb7fbd3aa900fe3e2d08a6c4086e829cf02d2095a8353dc157229c	
CPIC1.DAX	40	1558	1021	5d4e571ce647554d36340185285e70c6f1c7e762bcb89347ac4cb480d40ef678	
CPIC1.DAX	168	1558	1071	0df2859f357c71044a194ba291e204d5df0f9e77488bf5e159c852b449ef5abd	
CPIC1.DAX	41	982	755	33259dc8e9b99abb4740ec7916b783dd72d79dc43b8e98d37f96b12f512792a2	
CPIC1.DAX	169	982	780	4488d8d0738a9411242322ab47c1464d08046423e14b8a993116520fd45e6002	
CPIC1.DAX	42	1558	1310	1e1c2c827048ad7960f0f0bb2593f01e2a73071946da60311f06fe3c8f343589	
CPIC1.DAX	170	1558	1351	1814a0884e8ba7cfa3ba643a14c1b76eb5cfe4a86843c708fe65883f86ac115d	
CPIC1.DAX	43	982	724	48a25a0ed8f79648f007bcb471ca15b9f08e407e7eaed3ec04691a5d421f3012	
CPIC1.DAX	171	982	697	77440bfba12e122648cadd1d4ea5d56dea79000ab35349acaa530e4496539581	
CPIC1.DAX	44	982	809	57382104e7aadfbcafdde270e6ab1339d1c474f82f50b8126d07fba69f2dd048	
CPIC1.DAX	172	982	718	3fd34ca656b4d9aa254e87f6883d38a2b3ddffcc61a1de7e18e00502bd6ea212	
CPIC1.DAX	45	982	805	7d3e3206a2f62b39047000396947557e931eb31af8e4570ff072b12320aa68c3	
CPIC1.DAX	173	982	802	a6fe9187cc380c5291fe727f2c3967c3d75b774d892bce368e828bb7f944b515	
CPIC1.DAX	46	982	636	b2e2ad4c17b319e33ec60a627e693c6e96a38099dfc407f6d229ca39eb01a3e2	
CPIC1.DAX	174	982	635	454329e1a2f88ed80f47271fd04c396a9d88c9741efe9a8bb82bb671912c1d1d	
CPIC1.DAX	47	1558	1056	b253a7895de996aa6d42ded6650b128e499a371363ede961bb3990130b7c0dc2	
CPIC1.DAX	175	1558	1260	ef9ae1dfd19ffa10acf5eb1eb539ca52f6014d0c6969e0b2dcf5563c2e54ffc7	
CPIC1.DAX	48	1558	1147	2a93d9be022d5a909decd2ebe39d9c2ad999dd29c33248056fbb4a5a0a626d2c	
CPIC1.DAX	176	1558	1186	c0b79d475ac3318a049e3d7bcf0aa64dfa3f13b06f07ce98598fdfc27d8cda5b	
CPIC1.DAX	49	1558	1197	9f1042c5c2cee76b33f357aa03a44bddbf0ffd54cc9be279ea438fd5f1fd4999	
CPIC1.DAX	177	1558	1275	856dc26c07eeab5ca228795a09f0f6ece7c9c9588892d07a48de3e596cef6c26	
CPIC1.DAX	50	982	703	2a992c238fd8957d5e0deb27d1980bcbd14df3a02a738d7c2a7f5042c3bfd76b	
CPIC1.DAX	178	982	697	a39ebbfd818a9f9ff0b57b34f7fc06a945a1b9c400615a4225aa6084c3b5e600	
CPIC1.DAX	51	982	778	f62f404c4613ef4f9197d3786a947f41bd655cce69ba48290bcc5342f0b0e07b	
CPIC1.DAX	179	982	784	fbd1d6602320f53907386eae37777b949cd77907b193672618ffc1c1de43b971	
CPIC1.DAX	52	982	697	c3a608761cb843776a47c60fbfab53dadf8e266537681e24dfa906ad7a29f0db	
CPIC1.DAX	180	982	708	9ea7ca8957b8dc01f4cc1820a68b13337b353b4741280736395302af1dd123a6	
CPIC1.DAX	53	982	711	be25a3014cee2c8ecd98c658fe489423741af83e1070890aea28d03b3b6a13de	
CPIC1.DAX	181	982	695	f7172b46a3736fe519b94b026bc86b82d9cfa1458994b28648ee973b6a6b9eb9	
CPIC1.DAX	54	982	780	fc53890cd3dc00226b970eb18a62816ffbed8ad7ba00ef83cd5da0cbf15c349b	
CPIC1.DAX	182	982	774	3564b7bd46e2a4dbbff458491d57d694d88805395688d8533f21b19c2b2f0370	
CPIC1.DAX	55	982	591	3cb5f65aab0a7ef01e41f6eb9d4b978197cb2d5f28739d7f2b98aead5f37294f	
CPIC1.DAX	183	982	591	7ee9b885402270d376799e407d57d088bc70d942c3b583056ca26606191b2fad	
CPIC1.DAX	56	982	548	47590f3337b5059756d4cf22f9b47cb32c82e2ffcbc3ab996b5cafe0fe383e64	
CPIC1.DAX	184	982	521	9d6372aa08cfd14f2e2c3eb66265b0e141b6778b237a58adf3d0858c7a730806	
CPIC1.DAX	57	982	636	3a4933ff766ade916dd61deb0dadd39ccfc0c9faf15f7fa0a21a7a7d47e58a99	
CPIC1.DAX	185	982	626	c7dc4439985fff3098adf0f767dfc8b222a704778cd07e9a4fd535c6035e601e	
CPIC1.DAX	58	982	676	0d72810da4a64c227815deaeaced2f49b67ee0dadaef4df9453640450348c74e	
CPIC1.DAX	186	982	699	beae123c392b75d2a0e2c89a44883266d6d2118f9181a5e0a55fb083ce2258d4	
CPIC1.DAX	59	982	675	964d16301d0677ddfed791c996ad1dbb9555501fe017560ca2d5a7630f85f1ca	
CPIC1.DAX	187	982	699	3fbf673411c5319c32fa83a25f75fad000f4633bbf3f14d50208c771cbde0895	
CPIC1.DAX	60	982	676	010fb703e3fcceddd568d52c3a540cd3a5ac01a5700a1322392eb55b8a619167	
CPIC1.DAX	188	982	688	f4430373a7584ab8a31052d734d280cae0fb477bd0d25a02343dbf4a92a194a5	
CPIC1.DAX	61	982	746	4681673848dd8f47bd4202a66556214da5bdabdfe8ecb3115970b5401a4f07e0	
CPIC1.DAX	189	982	650	aec376b2388cd5bbcef8ce57378f43c09662701a3eac1a3940db771ef562e22a	
CPIC1.DAX	63	1558	1147	d0311243209ccde03a7aa5ac7c6b0ee2586abb708bdd851b88011b212e3292a6	
CPIC1.DAX	191	1558	1208	b1d5b2a6a18e88af8ac2688ad963959ebad3eb3d49f3aea694627173e47505f4	
CPIC1.DAX	64	982	699	7f9bcc37ba7e7525b376511d26047b5a0d4ef677a6f71f60bf7dd35b527f625a	
CPIC1.DAX	192	982	633	0f671de5e0cdfb7ecb748d2955580895347292d48d583d45ad4268e40aea535c	
CURSOR.DAX	1	134	121	04c21162911af7c5b13b034b0c87851f8d4e4f31c7995f481df039f2809e00ed	
ECL1.DAX	1	3702	3850	28e54899758b8328afe0c872cbc37b50c0e774f82ace26e0d7240f5593dd6fba	
ECL1.DAX	2	764	796	6abcae7a84a64ba677edfc7c4b0351772afe1268ab07e2c1ac65603183e20604	
ECL1.DAX	16	33	40	1d27c8648684f5213c22ed10a0f37cb7d595f346de99ce0a4b3d3eef1592279f	
ECL1.DAX	17	9008	9235	babce349df94ca9c8fcb80d6537e422d7c7f165de878ac485022ce5830a8564b	
ECL1.DAX	18	8537	8755	81a994f2a3bd1130dcfa2d0b4071cba2735cace826770210c38053744ec3089b	
ECL1.DAX	19	9210	9644	5c92dced4c656a97bae9629b0e0eefb7e72e2e6b729ebabd6f3129d9dbccc05b	
ECL1.DAX	20	7483	7836	a6adfcab8f122c2ca36a64d67efafe85c6fff3c8388dbe67c179822f5305b966	
ECL1.DAX	21	4320	4418	c335622de4b3850f562cb1fd4924650923da703bd6b64c1d8e8534bc554d2c10	
ECL1.DAX	24	622	619	dd01e341ecfec622154620d182b43d5514e10cf9ddd8db6014577510a16ed2b8	
ECL1.DAX	32	8407	8334	f7186bac629a6a05b4d7e78b7c821945aa1132e8443504eb67b2aba5f39ee544	
ECL1.DAX	33	8954	9156	28be49a16e72dda0a88a00c080b860a94d847615fa48554af786c64883efb3ba	
ECL1.DAX	34	8967	9207	bb5c1e646c848d1c2f8780aefa7c0cccf4815449887586684bdef9106df2a9f0	
ECL1.DAX	35	9212	9430	1c0fa5e663c29471154e10cd3ec0a682f5c69225e09a07a00b29bc64f5c5c6da	
ECL1.DAX	36	7777	7974	cb4bf6cd575b710393e11e5116a2d8db444518e09217d97e2ee5d074fdb1f2ab	
ECL1.DAX	37	9205	9437	62b2b73e9dd6eedd829d62f5bc085aec151f0b8340af7cdcc76cdcfd577a66f4	
ECL1.DAX	38	8978	9224	7a00e86a7d8e885f84457a06d2dff3cb28021d599eb6b4973f1bf8e11bac1ed3	
ECL1.DAX	48	8884	8900	1adf6637269b5bf24e4f075126ee8e6281cca00040e2c48ef1f5a40ec965f823	
ECL1.DAX	49	9130	9318	d0ba4e95f3bf3135a722dc6698ed95391b7d8699bfdcd361cf2ff599ddae7bea	
ECL1.DAX	50	9158	9401	9abe28afda749381fad7ebb65dadb757495286884756be8bce33ea3a8897c8f4	
ECL1.DAX	64	9208	9489	9e479b646d2e5a127fa6f986e99b930771f865ce76acec1f7d0085f2855795c5	
ECL1.DAX	65	6027	6189	2a3c275d2073d7cc998e18ecdfd5cbd0f293ae55f6741741687b15f8e693c444	
ECL1.DAX	66	8804	8986	452a68db17a1a449b1b1f57512877bcabcfb142e59ad6410ddb0c1e757212569	
ECL1.DAX	80	9193	9397	d941cb12732869eab875f2c2e97803476fe161b3933c6c9f1500d66c879a490f	
ECL1.DAX	81	5942	6094	1733c47a8a8cbd058c05d1220d36510a9e0eac6a156cf3ba122b694244cafa1f	
ECL1.DAX	82	8084	8272	0f955eab20e8ce7f4ce5ea381c8289f2d1119049cb86ca1b9b0b6be260133747	
ECL1.DAX	84	8896	9095	f7f04efafeefd0a5ce0dd3d9c99e14866a7ec11f72e2e53bcf199764638d4946	
ECL1.DAX	95	6136	6369	78b614fea201df6ac633fa68cdce71fc74bcaed16420b733b287e52b2a23636c	
ECL1.DAX	96	9212	9489	cffb41f2fbc70bdf4fcf218a3218c107e525a65cfadf142e6eebda3ad57eaae2	
ECL1.DAX	97	7360	7564	e3f8b169ed1d8f3b0005ff2d610a1ce5046085c962c59f5577b38dd6871ad41a	
ECL1.DAX	98	9167	9441	257d956988e46e898d4e9b0712c98fe12518f92cb6d7524566d9db664327bcf9	
ECL1.DAX	112	9216	9444	407cef7314c7f398114205c93053e8dae9976d8e24a6f9cb69ffd7235e9a569a	
ECL1.DAX	113	8787	8955	1506b9b8a2388447d738d5268dac50f565c96219830a29811c4014d27181947e	
ECL1.DAX	114	9190	9375	282b15418cabed84f3420ae32cbfba6926ac66ea868847895ccb41d71abb46ba	
GEO1.DAX	1	1026	887	f6834b9ebf40531e37106d6cc91d9bcce5a1374ecc9b5c7c3e5b8211b9cb69f3	
GEO1.DAX	17	1026	794	bc4155fec9ad332ed44c91042c935fe0f8d39f352515750f81a1bbbe57cc5c40	
GEO1.DAX	18	1026	207	7840523b2a3795abfc242a9756eb713cbf58594697f625bb1d413b9f3e289320	
GEO1.DAX	21	1026	840	abe180d47034b60b22f976c72f33000a7859e63fd508ddbaaae3a9d28b298684	
GEO1.DAX	33	1026	983	9c15794f8d8e020c6b1ce59d1c2f7a9b69e9194363155b14dfd74450470db852	
GEO1.DAX	34	1026	967	16bba6405bfd7112e22377d3b305ac3cbe8f65325d441963d362d8e57a86b447	
GEO1.DAX	35	1026	876	af06cb6dbdbe8cb4ee9720058558a8f337c7878d0d7097b3a7aab2a5e71343f4	
GEO1.DAX	38	1026	908	5f1d7bb043dbaf4d84f83008b85ac6f83a5d86ea87606f3a589eaf516a1e4874	
GEO1.DAX	49	1026	790	04994e0e636f5969044e1224342969dbefbfabbbcb98348ddecc40620cc552b3	
GEO1.DAX	50	1026	752	d54e68d751eca02902f805f9d88f69795b4f09fdecaefc48e3a73bfcad57239e	
GEO1.DAX	51	1026	803	e39f38aa98e3a97f40bc3d3ce3e4a47bd0b4175b31bd36f020c81c04ecb9ab9f	
GEO1.DAX	52	1026	871	69c23ffb52e44fdf323535ba4ee23ad36dd3bbf74accd1d2d8a7839d202a58ad	
GEO1.DAX	64	1026	887	f6834b9ebf40531e37106d6cc91d9bcce5a1374ecc9b5c7c3e5b8211b9cb69f3	
GEO1.DAX	65	1026	891	beb3a21ff92f03e3fe5c46da23f985daf8fe8b0ecf97f7753be1a903385b122a	
GEO1.DAX	66	1026	993	732eeec02f8bab97272a562407d38c8444fd59ae70e3873df919fd1221e1c345	
GEO1.DAX	80	1026	1023	bd73588a390c9c66aa1b0ac6baf20dff499ac2aee5f9718b6047d90e8e5ce52d	
GEO1.DAX	81	1026	947	06558fa826b7ee8861e3ede09f43c898e4f65f5faab6752685eca2a6d7e70a4e	
GEO1.DAX	82	1026	890	debb1a321da5ee8b3c63b5b2c606de8d164f2c957e49ffa9e78d619f732f736f	
GEO1.DAX	84	1026	840	5e6d064653015f70d14eed2766db70595141b625056b93d03fe282528e53342c	
GEO1.DAX	96	1026	955	2ed487e2e1313c19a13cb3663a3a41eccc4ca37872dc78d5069b2c0bdec5d919	
GEO1.DAX	97	1026	949	723cdce4f64ac08dbf85e8ef969e4b014e0c5cc8837c099282ca3f060008734d	
GEO1.DAX	112	1026	939	3488d971a9b9e3d5efefbadd02aa7717274492a9ecb696464ae870719f6e53c9	
GEO1.DAX	113	1026	917	79de9489961ba69e9f2cba97159cb416f999175e11e63c1c958b486350237e1e	
GEO1.DAX	114	1026	819	1ed5be3d8ec6657e0a783d603691627bccce0e6068c397cd0ad53a974cc6e992	
GEO1.DAX	115	1026	325	58bfdf02db1e844813d439d57eed1c112f74060be017102e3b24fb3586ec4a9e	
HITEK.DAX	1	30654	16512	ffcb12ebf9015e45499a452f1e03235923767bbdea8f93def8bacc894ef58ab6	
ITEM0.DAX	1	1456	1523	65d52e9689a454769116b00aa44d131e67be68b2c8127e597b70b2b26f61a1d2	
LOTEK.DAX	1	30078	16256	02a0dc0e3507502a961eeb44d0c80c594293486abbcca6131165f7bc1d63f4fb	
MARSCOM.DAX	1	24318	15730	6fb92250998e65cb200ac413280bb5176475e46d7f39ecf04eb8a1ccd6a00fb1	
MON0CHA.DAX	1	259	105	423b0cc3b19906a1c388e891fccb9ba3b206f3e607086dd937e7db05b3f8a0ab	
MON0CHA.DAX	2	259	95	7b994430cdcadb4492f214cbeb1e74a662bc641c05ae21669ad4d78a5ba5a3ec	
MON0CHA.DAX	3	259	95	86c0df6f4cea8641b48cfee9ba29080d4fd353f33c3a658f9138c57381190b8d	
MON0CHA.DAX	4	259	94	d0cf808324dd414976c8ec679b5d962856341b646acb23858ac75ef84a9361a6	
MON0CHA.DAX	5	259	104	74f4f18a8290c1b02286bc2a5a4312f3886811416a37d7927683e8993472e15c	
MON0CHA.DAX	6	259	103	992bfe934f9212d8f7094d7dda9f0be8817b6ba80afa1c88c49d7111be439b9f	
MON0CHA.DAX	7	259	107	41adb5ed0093d096399da5de654d3f2a5c9b3b43eefb57fed9dc26c083faf337	
MON0CHA.DAX	8	259	108	68e049242dc672ec9f280dcbab9037b3a30c8b409dcd1885474e04b17b925a98	
MON0CHA.DAX	9	259	84	e675c7072a101fc26f7f75fd8da72820bb4ceb20bdc0f3a6d21c5c22ff2d5106	
MON0CHA.DAX	10	259	87	7fec30965a8720c0c70eefd9b2f948129af0f19233f8f8f58b9bd8bbcc298724	
MON0CHA.DAX	11	259	83	fec690cdf22d7ffd11e5e0087fe27e7734e6db40387a523b40647db4ea888805	
MON0CHA.DAX	12	259	108	63cb70612b734ecb019252465768d06a7f63ae47e8a4e219921c9f9657f1ecf4	
MON0CHA.DAX	13	259	112	05185f25f4aebd48f88eb9ddb0371bbf683081163c4811515eca4f75c0d7e0b3	
MON0CHA.DAX	14	259	109	0fe5ed2b1f7f24ae638a174cf16c9a16574993257f4a7e91fa22774cd08edd5e	
MON0CHA.DAX	15	259	162	8e28fa83f993d9bec4613f2bb00fdced64d186b5ae31c589c337d04b9198ebe4	
MON0CHA.DAX	16	259	107	992cbc2d573666880fb4f66d837cd3830f7d24d83d5408a6b37a223b0273426e	
MON0CHA.DAX	17	259	105	348c1c0c6d65ece37960bf46a7fc4f072ccad4743fb68bbaeb26ad8223049a6d	
MON0CHA.DAX	18	259	96	b14e0fb547037857d0b4922d7abaf9ed59a91cdfcb97bbc5e68c6a619b5ddd7f	
MON0CHA.DAX	19	259	108	e3ccc0d620f07c7cc1847b4d74e1e11e5f2b271805fe6ca23fd2f53b67d14052	
MON0CHA.DAX	20	259	107	f9e417423fa5cd66947a0544efe236543c4be1c20e8dc05bfdce4ef2d91f4e05	
MON0CHA.DAX	21	259	105	60876ece6bd0150109c99db1156af42d9b5782327688641f04693df46533dc4d	
MON0CHA.DAX	22	259	95	6bb29a59916a292fe3dce220d373a05d246c8c1085fec5bb625ab4e5537ed4eb	
MON0CHA.DAX	23	259	100	b1629f103b3cd5f4e854555a19550a0e39632df39b6c614d8ce20871a22a47cd	
MON0CHA.DAX	24	259	103	9fb87227719a19d9e3e63cfb1ef071cb755d03b09d88e931e66a27883895edf8	
MON0CHA.DAX	25	259	74	9684c648af4730025ce9006d840dbbcacb6ec7742771aa4caefae8d476d81896	
MON0CHA.DAX	26	259	100	1292e0a058132c409dd7091e326edba4101041f58ac4c3b1c99fdd6460218981	
MON0CHA.DAX	27	259	121	09c68757882e14899ff0b32e89a44b1142e499c2571ab5529857606ae486bfa2	
MON0CHA.DAX	28	259	138	83efcf66cf17d00f554abdc9442c49320ebac4de26d5ec2a5cf30fe5287898f8	
MON0CHA.DAX	29	259	149	94705a6f1552b69953be9dd0cd4bf49307751407c961ea574db8a60b33251b05	
MON0CHA.DAX	30	259	170	4bf90fb58c98cfe904168aef211cbca591f4a67522507603f754fea19be26de1	
MON0CHA.DAX	31	259	106	b40170c8e2d11c50bdf373dd5d1cb25050c36618b82e49fd513ad5e80f302288	
MON0CHA.DAX	32	259	98	2532873f454cdfecd3711790b40d5e9532927767fe6918f1caad7aa1efea6c2d	
MON0CHA.DAX	33	259	102	9b9644db50dae90d75fb6ce38d53f037db021dbc87f99146e5fd7b485f6acf61	
MON0CHA.DAX	35	259	111	370e269006d6a0c7ff48429854ceb044984c45dd5c83d5d8e2f9b7e3eeb15894	
MON0CHA.DAX	36	259	92	7d775b4c680869ea3f2ca74e9eb2b7c7f26a49b735c1d64d10d0e293d3f18eaf	
MON0CHA.DAX	37	259	92	368e802540ce3b12ccd3ad45402e93ad5931ed6b724856c4c7688259e277416f	
MON0CHA.DAX	38	259	90	e8d19c2b293fcd35b8fcd7c1a098912cdabc8d8ad2e9076a6a55516e6c9bf434	
MON0CHA.DAX	39	259	104	25b3cae2ccd88020a1ac8ad3357ed6bb2bc58a7530fb627ddc6c6cd9c0344c92	
MON0CHA.DAX	40	259	93	a679972bb5ef2cf4d564b8618b76b49735635de6a7390bfb408929caa2dd3d53	
MON0CHA.DAX	41	259	91	f9d2aa94359c0e4a619358b57654c58f9e08c03b68b1540929620aa5f863030d	
MON0CHA.DAX	42	259	94	5cccb4483697578ba5b8a8e930dbd58524703b5b8c27f19a4cdb8dd57cf41ee1	
MON0CHA.DAX	43	259	116	ca00229f3bc18bc73ff0c206fabbbf8d93140658db3a3fdffc31212a21953b05	
MON0CHA.DAX	44	259	123	5dd9b782f48093ce50c08952c45ddfb734da843ecaaecbccdbe07c7d10f77322	
MON0CHA.DAX	45	259	102	09ffdcd04005b97086435bb26209df92583d2700931659b0a877bf128a5c2728	
MON0CHA.DAX	46	259	117	bd0f612eb07606038029c8319aa52ae26901cc624e9542252e9cbb56253c6704	
MON0CHA.DAX	47	259	101	c6ca149addba93fb741573d19b55d7da0a35e0b5c82b3ebad9b988411bbfa78f	
MON0CHA.DAX	48	259	107	ef455a860db59ba7b12972f771654dae8c1b64c95ebbe2b2dcead13943009884	
MON0CHA.DAX	49	259	101	33ddcf191589a097bb1c4dd349b0af59d547f0a073e5945308c0cf331b219cf7	
MON0CHA.DAX	50	259	103	6df9c03e35b846f66ac855d694eca0303a1f7374c3928338cd9d835decbb9c15	
MON0CHA.DAX	51	259	106	665774df006c2518163dedf4a6872db45ae65d7ab295393e38dc12c87cd52089	
MON0CHA.DAX	52	259	114	9efd4250c56c9084be820cbf04dbc86973e447e821c97791ea9870631c24932c	
MON0CHA.DAX	53	259	104	e6c00257d2481f577494d02fe1ac7e0a0dcf599bd90c77ec9902edffb050a26f	
MON0CHA.DAX	54	259	121	b6dc1770603eae8070db39e9dd1b675316565a2a7a3f14f45895dea48af4495b	
MON0CHA.DAX	55	259	144	8297a72c8bec5a63ab6ee557c97759936fbed0eab0fc8ae1a2d1f6c88af95e68	
MON0CHA.DAX	56	259	125	48bb8f8f410633335e7ac4f0039d7a9d0a7ee266f9516ce25c91e827503215e1	
MON0CHA.DAX	57	259	168	3e314572b015dce16470bff6a778d3af9bb406c98966832c31368f76062c2944	
MON0CHA.DAX	58	259	109	9baa97855aaa73200d6f595909820a1e3179f163e06ac5a52932464a8a1cf3a6	
MON0CHA.DAX	59	259	107	bafef1a4a0a4a54b79f270e68709fc37237ef8d7a0feedb52fae18847021e929	
MON0CHA.DAX	60	259	144	409db6ce5f3519a00f713a09b3313deb5267f8e08f596545f1496d7fd80010fc	
MON0CHA.DAX	61	259	113	73e3f9f566b2854a3b8c38bd9e93e4842aa920c536e71ba92b3991c7b80fa6a5	
MON0CHA.DAX	62	259	155	aa2c738470cdfc33c012ef8aa6441b33830db95b50ee0ef4bdf80177a646aa59	
MON0CHA.DAX	63	259	96	64468f3838bee61afdb7ec2e9121ee41bc76f9c82fe9c744858ff750f611e978	
MON0CHA.DAX	64	259	103	9aaf9ff3ee2e99a74405ee89683238cb3f6246c43bf0fc47b8c1ba82075da15f	
MON0ITM.DAX	1	372	375	cefa166fb94b7a5fbdef9055242146a7dc7a55c8033f9c0008df233018431e9f	
MON0ITM.DAX	2	124	124	4cc48c531fc219a36059f63447ef2b8fa7720d1fda3d95f1b2cd5f8731336a8e	
MON0ITM.DAX	3	124	118	f66fd8c92d53421c95e9525273daf6f566d852829efc641292c220e66462f58e	
MON0ITM.DAX	4	62	63	6d9394adc2bad8c367f2f504d88f9f36ee8dac780e349acd324f36d303d4478f	
MON0ITM.DAX	5	434	167	024c3f23fe0ebdbe2c3516a0d3816873406d8cc60c3bf11ba242e5ddaa6cb139	
MON0ITM.DAX	6	372	219	fb1d1631b69ee9cbb1ec4d02e87eaacfd7833e7d80b5233da02689137ceb5974	
MON0ITM.DAX	7	186	187	0eb210f4cabddc3911e7e1b97e18ec36969572524eb92132acc7ea0b9315f53a	
MON0ITM.DAX	8	186	165	dfcb2e40a50cceefd25e86c0f3f014fb4bc9aeb334183ba53e3bbd4bdf4df31b	
MON0ITM.DAX	12	186	185	41d95a8d0be0708bc76a1a02c25a2611dfab360b7aa01a534dc4ca0223423744	
MON0ITM.DAX	13	248	252	e61adf1bd899485d4c6ed49187c999b11f23988f89c49420150efb7c5b1fd6e0	
MON0ITM.DAX	14	248	250	7e26afdd040ea2b1988357ff8ffbaab8820fee86aa2f1efc02bc871b789a52d6	
MON0ITM.DAX	15	248	224	99f8356f8b431897727ef410f0550fbf613f327f1b4ed9232a90cecd4db47c58	
MON0ITM.DAX	16	248	225	2836bba3f7e6c596204fdf21a8aac820219b2e881b2d7338a89cc7679858f166	
MON0ITM.DAX	17	124	125	af12cadc096e3ea9c980d8b9837be266e9d918a8c3d2c29197fbbff15d82b9f4	
MON0ITM.DAX	19	248	252	123f0002956b05546308e5710ab7605a8ddec3c303505265ae3e1a4bd05a9697	
MON0ITM.DAX	20	248	250	0bf3075fa28a46eaf1622254f0fdebe05fc5706778a00819332c78f65c739395	
MON0ITM.DAX	21	124	124	c1719e5efce60cbc421b8c68d6c6398275091849a86b037901c3d16ea99da878	
MON0ITM.DAX	23	186	187	c4340edfb5f37515b5d7f2c2f75a2e21f9e705d4f567097a14b27d6fa933f1b8	
MON0ITM.DAX	29	186	70	430624cc39a235d2047187a807c6a8b411ae57665e0380172bc3a5f26c6df9ed	
MON0ITM.DAX	30	62	16	15c1ad00b7cf5ebfce60acb6d24c7062a8dbd4914d38582dbed8edb5fef1d38c	
MON0ITM.DAX	31	186	191	5f72c57a53d446f15560fec9abf1570a44e713363ef308af6752ffeb0848a1c2	
MON0ITM.DAX	33	310	315	bd15d48c3995bcd69e728e4fb2c42e0bdd5014d43d7d9e0af96dd9a3adf8c05c	
MON0ITM.DAX	35	248	248	f3d5135cf655b1276ed73ca947634d8a57fee9f20c74d30f91d7663bebfc5e5d	
MON0ITM.DAX	38	124	105	04d9e67f3074f21f19192410bfaaad5b5dd8318aef1846808432c224e9dd9d4c	
MON0ITM.DAX	43	248	251	84c7de7c5c8ce612c38842dfbdf4fca590df98ff3b55916468b2de80616e46b4	
MON0ITM.DAX	44	310	312	3243071ef1c6a68dc5658fbc7a87af12e54a357abac29b68ccab58fe758fc0a9	
MON0ITM.DAX	45	186	177	7ce2ef9f656d3ad5e93dc34b1d2060b89957c95cae226c88a67c0dff7a22a58e	
MON0ITM.DAX	46	186	188	f700e69edf796ddc6f6cf7f2e5483a86df17deab7a3cd75b77d9fca048c6d6ca	
MON0ITM.DAX	48	124	128	ac45610191174c9f8a42f75818fd5f19cbd4bd8ad55d02d5fec2c117317ebf24	
MON0ITM.DAX	49	248	252	86b109a7e998295bfb43c6a95e8141cd8b7c20ea412854e84e73614d2b5bb9b8	
MON0ITM.DAX	50	186	190	325469731ccf5494f3b4eaa3fea0629b321e9294a53f977a40dd0dfe79d68037	
MON0ITM.DAX	51	248	255	f1a90c957b37e756997b505fa5cb62309471d19c074a588ee330b05526956761	
MON0ITM.DAX	52	310	310	4da6398ccd5aef867643a4274fc7be8903386042609bca99d184a57b94f9e188	
MON0ITM.DAX	53	124	125	da6366e2e151469b2447d1177fa95c84e0a76d2af81b540b361ac840036cd93e	
MON0ITM.DAX	54	248	251	08e253ee20d1c4e92a53db8647f2ff3c76daa2ddaf68cbd134d0e26021acb09d	
MON0ITM.DAX	55	186	190	5184b742c4d8a2a7c827947a80dbada0b6991f48ea984a7690545da0cc464e30	
MON0ITM.DAX	57	62	62	37e8dfd4d89d19d5de2470788dfca366410a743da686ea823d6fbcb71fe6d9d7	
MON0ITM.DAX	58	310	312	1f638596b1761cdd5e0ccc8caaadd4a03508898c223a6414237f72c3bfc2344c	
MON0ITM.DAX	59	248	250	49586c2904eda59801e8718dfa8ad447b5c04d33f9ae46c499d4cb617e37c5fa	
MON0ITM.DAX	60	186	189	a8a4acee54d25701710d8d78e2f1fd09f0df4d7864045a12bd934b8287409c52	
MON0ITM.DAX	61	186	189	aecfc6f9286e52205acda405be824d229d86659d89fecf5c179cc263ae17b39c	
MON0ITM.DAX	62	186	188	a30744ef1b67f57ec108162323a9769d3d1db0f221825b07b508e5b43d24fb88	
MON0SPC.DAX	2	45	48	6f121a67e570f738e28eb872b49f2fad8f38fa0eb88cefa9da16988f29472ceb	
MON0SPC.DAX	3	45	48	d30da030bde35672a944e485f8d662e3800c49d222db97b3f0090715cb2b249b	
MON0SPC.DAX	4	54	58	c4942f60f9c239e15940945d2a883fc6c6e0010931454175d5324f19ef593e17	
MON0SPC.DAX	8	45	48	cfe00d626e02ba827c52d7d2cf32b095953470219270a8ee06f49ba4c77ab783	
MON0SPC.DAX	9	18	18	9808e569c1d23b38840421e64eb1d21bc013a189e8ffe41e48f9784d215fde9b	
MON0SPC.DAX	10	9	8	720ebdae1b34e6baba558dc3bd6d2d978493a729f09f50eaf1f7e3b3db74b673	
MON0SPC.DAX	11	9	8	720ebdae1b34e6baba558dc3bd6d2d978493a729f09f50eaf1f7e3b3db74b673	
MON0SPC.DAX	17	45	48	2015b689239d3fbf3bb0ddfbea96795aacd0d29448d713cfd0f4c55f8198d394	
MON0SPC.DAX	18	27	28	3b8875d874f86eae7478b32cebed682d4a39b6332ef11699e7df60f01bfed207	
MON0SPC.DAX	21	45	48	7ea36f7ee90d550afa5eee3a4b19563965a6c25fea3c3521be8aa6ebaa7ad598	
MON0SPC.DAX	22	9	8	3d1465775e490bdcf22852cd840c1a7b893f8dc7beed2ea3afee910d29e6ece3	
MON0SPC.DAX	29	18	18	37cf01d523cca779adec20077d7b36a843f2ca10146ff318a0465c5c3d0c252f	
MON0SPC.DAX	32	45	48	a450a1bfcf685f18ed0676c17bfd1ffa9e3f6fe38e1a30bac0f34ad66da21fa3	
MON0SPC.DAX	35	45	48	8e9027b9cc16c5c7176638fbaab87b3809cf630ba62e136af9f92bac4eb14264	
MON0SPC.DAX	36	9	8	fa2e06695c0431dcfef95aee8bddf333c9e933574a48795617049310771a2198	
MON0SPC.DAX	37	36	38	ca1a57036660f5cd365446ec28fc6c9665016e89bd9c140fa2f4fab103f99506	
MON0SPC.DAX	38	18	18	59507b3a7ba140900918df69cfe419a547d25a8619658b0d275856a35d2a5b15	
MON0SPC.DAX	39	18	18	bcfee324d9b07b0f51d06f33beff6f9fde19ebcf58c3eab2536a0f0ce5f2882a	
MON0SPC.DAX	40	18	18	3e9acb44aa141dafa6111d0e13ad5862efdb3ac2b4f9b1b185a54d54bd59b8fa	
MON0SPC.DAX	41	18	18	ae438361d26072804db4a5025908635d36262d77e929c7bd9229564ffcfbc21e	
MON0SPC.DAX	42	27	28	590ec251f0a5308a10110c42d2492dd2b04113201a1a68f2452a1ebd41cc67e3	
MON0SPC.DAX	44	9	8	3d1465775e490bdcf22852cd840c1a7b893f8dc7beed2ea3afee910d29e6ece3	
MON0SPC.DAX	45	63	68	8d1b75c5a6ba664c054b73840f6ea303a66eccdec1ee08ab51652afb16d8dc81	
MON0SPC.DAX	46	27	28	4ceef89685ec9bbf5fe4e5c3e2adcf6cf2d4a9331a7feb3fdfccd59477c935c4	
MON0SPC.DAX	47	18	18	731113f538d59f9884d6ce1849984dac671fc97e9c700029fcf32c38d966aa44	
MON0SPC.DAX	48	45	48	416d9147e0a5f5db8382ac34d569c20903b183977f845516472835c199e431a6	
MON0SPC.DAX	49	45	48	86550d9912d8f23dbcb769abe7ef8e66634bee21f941372b59e2825a4f788d35	
MON0SPC.DAX	50	45	48	8c0746a90678c7ef1128038f4e4014c96355dc46da57af0df796ded87ab92f95	
MON0SPC.DAX	51	45	48	9e276b9a2b9ab4b457a9d1c20d725869b6b1971adc19ba82d249b875415e1d64	
MON0SPC.DAX	52	9	8	3d1465775e490bdcf22852cd840c1a7b893f8dc7beed2ea3afee910d29e6ece3	
MON0SPC.DAX	54	18	18	c5da885775550029bbca50383bb20188784993872329c4af5489520a26337dbe	
MON0SPC.DAX	56	27	28	010097d0eeb3e5b6dd04d934fb2e29a9f11d662d65ae0a81b5f1d1fa6a0cd250	
MON0SPC.DAX	57	72	78	f548bbc7c4d8519b221489f5734b9dc4625120723b9df57f9cab482f6c731d09	
MON0SPC.DAX	63	27	28	6d659ce3db81f924233d13dafc10d8a8a0cfb6d01f072990238eb24e858b8026	
MON0SPC.DAX	64	9	8	fa2e06695c0431dcfef95aee8bddf333c9e933574a48795617049310771a2198	
MUSIC.DAX	1	11358	11489	463c42eadee1de625661094a74a9bb31928bea0cc47324281f23d499e68a9313	
MUSIC.DAX	2	2082	2107	6c22834e71cf7ce2ab1e222695d8ca569e7240c40dab2342ac6710a489f4a23a	
MUSIC.DAX	3	1044	1060	079e158f6b5c21c611be8f40c16203eff1aae9347d6ee859694a08af8f8c97db	
MUSIC.DAX	4	862	876	724fd88ea0a0d70079485d03956d7d5c42e8f184375f0d27d7ad9bdb57eaf409	
MUSIC.DAX	5	626	635	b4d922031ee02e438b9686fd624108206b23ced6b80c24b8ec4f941c2d717f20	
MUSIC.DAX	6	720	724	d9ae6aa46f43066c1d11e1fe3ea517e2a7903f48bda16c39e9ead49baa9591d9	
MUSIC.DAX	7	624	636	6b996b66329988477529bc15f69b76664b3cfc097e8f5c7b2c1175dcf497c94d	
MUSIC.DAX	8	720	734	53262ef74af013d9c3898cc9272384fb568e72297e181b1cc5eca5ddc4a61b96	
MUSIC.DAX	9	1078	1097	757a9b0fbaaf45c7244e3be6a24d6f1c868f59740941549c45efea92182d0824	
PIC1.DAX	1	7751	7813	49669f0f31f81bba506e694c7899ddb1a26caef3b55fefd18e2eaf43ee52ad4e	
PIC1.DAX	2	7562	7623	11d363d96e3344f9cf53919998fe88af7790ccc2edd05dc039f517d18c026d42	
PIC1.DAX	4	7850	7915	2f52b5a725f10d384e8fd2008820c1dbc79533114310d4194a96a9dd381988f5	
PIC1.DAX	11	7548	7353	5d47cd201744f84ddb399c115b2299f47e85fb420cc93126c3bedf84abdc67c8	
PIC1.DAX	18	8552	8479	894c75ffdd47d4b72726c3652ef86546e2e84c54afd875cbccdd2e0b818eb433	
PIC1.DAX	23	8257	8336	2ea3ac461e326746adc52b2af5a9cd6a41c33bc60ebaea28c45ebfffe5a98f44	
PIC1.DAX	24	6989	6838	06f63774a3a9eddd6327876a0c56d247e5dd861de1ef10a21422d7a760664c6a	
PIC1.DAX	29	7950	7429	e3f2d4fc95eafc48dea79aeac02ccc92c35df13002c8ea2c2b6a48c047e2685f	
PIC1.DAX	30	7527	7092	d506a1874657e36d77b41ea52743e72ec865393e3fd0fff88d1995c7191a92b6	
PIC1.DAX	31	7496	7123	b71c33acd9f76d2b9163ad17676e755d2d8fd34ca1cab82bd93b9054f475c355	
PIC1.DAX	32	8542	8111	3da399f886663645c3c1dd1f6ac9e3e8803bf61a565e34c91d85ae6b3b98f438	
PIC1.DAX	39	22049	22569	e88980f2b4af24db4ae80e446f4a37b44e15a53653a5547a22eb1460fcc6bd5c	
PIC1.DAX	41	20811	21068	f8250559ba6b6a133c7bd9cf08e3539ca13071cfc2704b757a24f5b932dd831a	
PIC1.DAX	42	8152	8138	854903040f42286903579c06ad64695aae2a9592e8e6b9f58a0a67bf9ba8d9e5	
PIC1.DAX	55	8358	8076	95fc4f42ab89b8cae1ad48ca750aa4211daac4097c08b4af4888f22eb86f8504	
PIC1.DAX	56	6278	6043	0fb73cc3c6615166a533f972aec9970b809c2db63b9291f0cee07f586318797a	
PIC1.DAX	57	8368	8060	801db07d6cc6b5bc2a893b928d14f78e074371d1eaf85109fc702f08cabe8f4f	
PIC1.DAX	60	7402	7043	47506a9788f62c01c50b626fbea4eb2564a8d3b753bc84b344b6bc49b01cc3ed	
PIC1.DAX	80	7148	7161	7a8a1abf70a6127500d4f70da89191925cbab105306600817a774ae5ffcf503c	
PIC1.DAX	81	7528	7600	610449bee4db4be29546ffb9fb13717519c6433465715cfb7e794897f1d45223	
PIC1.DAX	82	9334	9215	b14707595ac5bd23e766a4f88210b64893790bc388c09b00bd82029e5109f14f	
PIC1.DAX	83	14100	14043	4c2ef5aa89ca79083724d70e227701ea78be3f1baa180ce7e33eedd498030823	
PIC1.DAX	84	8048	7702	c4e8f21d92ed2a8e37ba5a4aa920f797bce87347760a7af99430b46f95d43878	
PIC1.DAX	85	6387	6083	785fb4d420ee0c97612e8820190eaa22de5ca63e1c8e7fc162d502b63ee57a91	
PIC1.DAX	86	8253	8054	ec33e5c1c8146151039b820f6375b928d4a25f5f601595676b5d4a15d8ab5370	
PIC1.DAX	87	18790	18742	ded974dbcd17ac651159b8db189c67856371fbc0fac640dea4c2824002c5cf71	
PIC1.DAX	89	8714	8467	a138c429d7a47172a21e75f0185f6585ccf0814ca396004eff94cede10a061a4	
PIC1.DAX	91	8067	8158	25cad1d8a2da7bd51a7d88af83a82fa1a944d2e488278918e51024edca124b00	
PIC1.DAX	93	8323	8005	30e28be4e093dc60f1ee8b04e74ac187dca8e8b48613fa1b4635d8f8e4eb5de9	
PIC1.DAX	94	7929	7652	b63fdd04c85973294f5e1bfba22179194f6d5fca3ef2eefd5141aaa879f25202	
PIC1.DAX	95	8448	8374	1af044b5ef8c77d1ff77bdeb1ae3816ab7850aa0f7321e6c28cc8f86e17ec5a2	
PIC1.DAX	96	7573	7625	e007169f3d94a7763dfd38f6a690afda2b9a378682e661e21140b41942679223	
PIC1.DAX	97	6888	6973	60a5c5faac3df0773b6e0aace0a79aa27c40ed2ac0ae93a1131042cf10466688	
PIC1.DAX	98	7402	7542	5d0fc79fc10ddc6d3abcbd031b235676765e56df431e2c171453f3af7a1c737e	
PIC1.DAX	99	7502	7570	373fa0d889a20814a24d06363231696b3439ccdcac8a2962e52eba1ed86b63f9	
PIC1.DAX	100	12042	12235	58bad08997759f169f27e278f036943d5a990d8fa3e148d5328876159ab00073	
PIC1.DAX	101	6100	6277	389ad3b413ceb79ca09be7d35612bb8385fa33f200142c6ac4a3d4895f3f3fef	
PIC1.DAX	102	6410	6545	53984b5a7b7ab7066bfa6fdaa55ab198523d4000932a2cf47a363f63ba7cde7f	
PIC1.DAX	103	4782	4862	c253fbafee507a56f19babde2c5ac59f9d8a367fe3c8e444361fcf44ebad33ff	
PIC1.DAX	104	6171	6288	0848bbb97600d8b5cbd150f4559c426537a52ff6df6a51004bab307473c00b97	
PIC1.DAX	106	8156	7973	5993717f0b61cb1d8b655e9181e31b6f0629f88a2b7d1e57fbdad1c7a5b2cbd8	
PIC1.DAX	107	7539	7273	d53263fd79b6eee4458d6f0c166c71bace0f1b6d3a7cefd93065111eb3a2b68d	
PIC1.DAX	108	6869	6921	8dbf0f2b7d206df212c83f8ef9591e838fb978f59178baa79c46422c356761eb	
PIC1.DAX	109	7803	7834	61185cee256969f21971ebdc746dbe396856cab7b3eca8516cb2c90f79b55bbf	
PIC1.DAX	110	9199	9469	acfcdc7802b7c0ff3ba2b6397d4c19f55b2b18b45e402bacd5f5db353f5b1821	
PIC1.DAX	111	6957	6762	d68f7636c63ecda344b507c4ecc7ec69e7067058c464a751bbbdb94a1829f17b	
PIC7.DAX	105	7659	7694	ad367902d7b3b31493ff3fac85fd910e99ed7165c9027782211d3b8101a6d452	
PIC8.DAX	92	6499	6178	648bf9d48eac7a30cc2ed9a495da5936af7c78e5df5a27be7b58e8181ffe593b	
SHIPS.DAX	0	17582	6955	a97550d1445ab651572bc4179ef1199d32fec9c4117b81ee3a3d687f6f8ed52b	
SHIPS.DAX	1	17582	6859	43c7351a2d7bfe8c49e4b4e19e8199c691e90df0125aa310cf017f9c6945b370	
SHIPS.DAX	2	17582	7008	e66bf726a8edd5d886f043d304b3067d874acb539210b9be05a2ef45440dc0e4	
SHIPS.DAX	3	17582	6302	6f9d913da49bd1a48370451707fcb7ca1ddad27e27ecd390eb71ca51d8d47e92	
SHIPS.DAX	4	17582	5721	4f0ede9de565bcc54f0caa89716282b3e9f395fdc8f8fabf7a9f0d9d5e5d87f0	
SHIPS.DAX	10	9342	2981	42e2b3f0a53f4a84a5f2855cafb946b5ce5a81d646e0c5f3aae8db561006b400	
SHIPS.DAX	11	5830	815	2d4d1f722cb434689886eeccb6f8cfa2b97e067f70ed004096cbd5883275565b	
SHIPS.DAX	12	3910	453	ba439ede631aa1fc9829f4c64df5b3ca650fa9cec1880f53dddb2657aea8d0c2	
SHIPS.DAX	13	3910	600	6e10cc08f78d7ad099dafbb1ce1db2ca698a2c9e328dbf9f5e46af1ed8702ca5	
SHIPS.DAX	14	2310	877	2d730f24db3df4031101c66b7b24de3dea918d4a3698af0e0d36d0b1e741bcc0	
SHIPS.DAX	15	2630	711	c0a09f447c8488cfb7dacc795a08b115245d96b749eb8a836ef6fd06bb5ddc19	
SHIPS.DAX	16	2118	1204	1ff8374d169d2fce97e2f0171d7a82b31ff7bcb83bc0cb6633394c481a0bb820	
SHIPS.DAX	17	1350	459	2831ad0410a223029044b4fa9cfbcd65b799c090a38ad5519c92c4741c661cbe	
SHIPS.DAX	18	1030	369	62424c015448e856abdadc9bbe321d5542100ee8463ebe714a8d54aeca7a7a2d	
SHIPS.DAX	19	1030	632	48a82ba4374dc390c6075188a29a79d9b1ce5511539870ff3398324773887aa3	
SHIPS.DAX	20	838	359	87096c4867f87c38678b3c943ed8d64390a2c3f9460d17d2dc6de2e061662a93	
SHIPS.DAX	21	838	249	368a26af97ec86663fbdc7b0a077d8a0e509912f3badfa9213e8647e47a98a36	
SHIPS.DAX	22	582	356	3ad81d707ce64d702d5f7efbe076925ed2544b23b0f970a6b40e9e9c4c595bf6	
SHIPS.DAX	23	326	209	e1646ce16619e49b6a7d1516d74ee21aeb3bb24dfabb014255cf84e6e273cbce	
SHIPS.DAX	24	646	203	e124313c72079072aca3e3922200be51ca4d8ec6aabac367f744c1d4c532cb03	
SHIPS.DAX	25	326	165	f09962f64fb21dddf81fe2fa6d62b0bbb2ebbab84b09b7e390dc25455a2e974d	
SHIPS.DAX	26	894	643	36803ca9becd90c103c61716c587394125e6f78b11276c5255baaf706f60304c	
SHIPS.DAX	27	510	268	ff23a7f6504b165e86c786c09dddef3d3ef7f9474b1e1a4088031a377f433b87	
SHIPS.DAX	28	510	388	9fac06e566e2514233dac4fd44a5654ca90c996630102903dd459e77770b3c31	
SHIPS.DAX	29	510	375	18fd0194cb1b197130225c37fd77a120b111c00bd64fd1bca2433fafd5228945	
SHIPS.DAX	30	510	395	2dcdceaf87b774cf946b67fa9e40dc39f9f5d69f83fb178202c869ee331196ee	
SHIPS.DAX	31	510	426	ef90728dd287831b5c4a57262cf137bb07f4db5b6130ac27fde39a871f20f04e	
SHIPS.DAX	32	510	355	c8743503e377afb30056b6b1d1798f9091689183e1cbee26a2fd77dcdba20bb2	
SHIPS.DAX	33	254	202	eac4822452e7e467e1d2146e5faea68a6d46ddffd21d9d3f0d199e8a07dff5ae	
SHIPS.DAX	34	254	226	5f39c72e72603015d0236dcdc688148df95ca87f64702129d8e2de8551907f22	
SHIPS.DAX	35	254	225	d97ff2ed5545326416cab69a0c1c02639ac9ae29c1bb1872950186ff98b3845f	
SHIPS.DAX	36	254	230	9839aee301f4ab30261b15bb289ea098b838ba5c4f93eed035d435a3def99d2c	
SHIPS.DAX	37	254	243	a01f7df50b9c3e604f05d59b8bbf66f01019eeab1b7c878307c60d93588a99fb	
SHIPS.DAX	38	254	230	de9b3ff292e5028faf03855b00aa0b76d5d7fc60347e2e02d5ff81490c90ac95	
SHIPS.DAX	40	108	79	4e3aca90cf4229b825840fc80299f5a9bc18e76504e855f9a09be204fa9ac01b	
SHIPS.DAX	41	108	93	cc439f49b8ff2bd8579da3ac3ba359c8d7c9cda00ac4f09432bac618c1df85b0	
SHIPS.DAX	42	108	93	a5bebd6449bed3da463ec49dbd2490619e8d9fbbf81e0b79e8cf7057be6c2224	
SHIPS.DAX	43	108	85	676a9a0d2cab62ab05c4987d5d2e2bc9df3733bd4cc7ab2f50f40c4c49a3435b	
SHIPS.DAX	44	108	78	ac9bd1ae16222d2dc7b27fa1ad2fb3fd97dfc151a4e77b12c9975cd8f2ce70fb	
SHIPS.DAX	50	108	82	e3cce0342f64286d886b180aa7bc646aa7c518c94774b7f2a93dc3c3edaa9414	
SHIPS.DAX	128	31102	2187	cb1b1f8147e75ccc59c1c37f39ea741b550b1b7bc169e7ca24770c268dea2aa7	
SPRIT1.DAX	5	2565	1978	6a2d76af20c0a0f82911c74a956151f990c8e81ecae859cd6290c2c43faaaab9	
SPRIT1.DAX	9	3926	3481	6489baaaa4110fe9faeefce6a6eefe8c2fb300bdf599e70d65ba30699c51c5fe	
SPRIT1.DAX	12	2868	2218	02f682b1ce5364e378a233954ee1a6dd4358fa3cf6a292c1f84e3d847842659b	
SPRIT1.DAX	14	2725	2086	3f8022c6106384d057eed43f1da4f9dfb44cd8de4f4f6ba3ef5666013e0be055	
SPRIT1.DAX	19	2815	2184	538c3e3beb18de4de4ec04a14edd06ef7aceeacb0bd9c30a0fbc19e25f268c0d	
SPRIT1.DAX	26	2873	2433	2ca5b6203202bfba221e32ed3f179fb6e342885179896dfadab0708102b53964	
SPRIT1.DAX	33	2973	2512	144d99ce1ed05ebfb8e83dd5ae724148c357373f7ddc0300515ce4e0e9535a81	
SPRIT1.DAX	36	3658	3200	1b3516bd0eddd356b9ea9cb286f1990c9f690cb0dca64748eb6bfa0b236a1f8f	
SPRIT1.DAX	37	2962	2520	7bf07227ef537e027762ad01becfa893cefdfb97c30198a2f7bffb140e6659a6	
SPRIT1.DAX	40	2145	1543	cf8c509dc60173642e4a1be1ce8990794f69dc395e37a5274baead68de99fe47	
SPRIT1.DAX	41	2497	2019	1ecf2b4262da9a431e84de2a6570248acabd77b7e5ee9b181fd6d47d88c2ddba	
SPRIT1.DAX	42	2577	2101	d16a6bf24e2df9d0b1364302f07caf531599fb5e18751e066d0d4642c4a35fa3	
SPRIT1.DAX	44	2600	2117	2838d8803d17f6fd7118f9bed0fdba59c74a943c3f75584edebdc1082e01557d	
SPRIT1.DAX	45	4503	4055	fcee0743edec5a8b886f83ea054451043f458a1412d1ec943f038f61295e001f	
SPRIT1.DAX	47	2534	2064	bc3947b210aa83aa62afdf8d6724c6b0138d03dbeb5a28ebb84f80c784be65f5	
SPRIT1.DAX	49	4527	4094	57a2aa447c43fe69fc5931cd1bb1dc587e9c3c82783e18c397f1c261a1239c4a	
SPRIT1.DAX	50	3541	3098	2a92769e99f7f926e7001363eba6eae2305747be23ac5436b02c5eca99749a9b	
SPRIT1.DAX	51	4746	4318	1b30f46fc46dea4b066f8b0188b2b986973bb10670dc21f512ad45f5478884fd	
SPRIT1.DAX	52	2524	2003	6ce8bac30857979da19458380607b7d612d682c8b28be5563df8926c04d82cf8	
SPRIT1.DAX	60	2688	2245	60af5c842753030e39711e9e755720cfea9a4450e1e66e7079ab7e0f40d1f906	
SPRIT1.DAX	61	2741	2282	ec9d46354d8199951a554d29c1a2806abe1ecc9956cc34edda24c9d8dbfdbfef	
SPRIT1.DAX	63	4547	4115	1038b82522accbc7dd5f514753dbcfc15bd51225f1ece8d7d5f2f004b0dcdd33	
SPRIT1.DAX	64	2341	1895	e3988dce83f98a5d23d0b3504a995c876ca30134a2b11aae942726351091568c	
TITLE.DAX	1	23894	3725	78d6957d8b982a28d02387238f372a80414f12c803b0eb60d97eaa467e27611a	
TITLE.DAX	2	42326	11336	ffb4985524348e82fb1572365d104bbecb4e22b2e5bc178c52c190fb4769c502	
TITLE.DAX	3	9558	3306	d3e7f5ad096805d92016d05bc0d6948371a2a503f7635552612116ec7b82610e	
TITLE.DAX	4	59734	43637	5bc96ed5e45c33754681f34d7d29287922b0a59903a38d481fe4fc3167306499	
VENUSCOM.DAX	1	25470	16248	54fdaada38d7639d23b2a4dcba38a0c5712162fce81188ba715ba07c8491a9d8	
WALLDEF1.DAX	1	2340	1613	183baad77be1a551a1c38a581ecaf10c2fcdef17fbb94c40fb2e9cac0cbc8786	
WALLDEF1.DAX	3	2340	1331	b56bf6221ab8c56a7c90bfb098de49f583441c0940869dc9f33ec97794c277af	
WALLDEF1.DAX	5	2340	1591	db0765a753036b44d5142b7dc36eabc159ff50fe040facce54bc39baea0397bb	
WALLDEF1.DAX	7	2340	1682	09a0bef6d9f92f2b2e840573e2b1b50b0cd874d1a3182e702c90f1ac19bf34be	
WALLDEF1.DAX	9	2340	1224	bf39c080569e1f0be56207edcaf1d9047c48ed1c99834e710cd29cbb135b5c66	
WALLDEF1.DAX	11	2340	1728	8523745e0b754c12428e81779e7a0783f1367d7ac677a38a531b7cfc78e5bbd2	
WALLDEF1.DAX	13	2340	2140	b8f1c415ed9a605c7ac5ee8116be7804344f01ec1d1ca4816f941df06b074761	
WALLDEF1.DAX	15	2340	1781	64b6690dc4146ebfa5c66ba9a63291975c34162255a13a57fc59cf351bf1a089	
WALLDEF1.DAX	17	2340	1444	ca0b4d4402896e7848b5a3bb6ba1093a5aeb01a702bf6d54f4eaf429c8712826	
WALLDEF1.DAX	19	2340	1767	7f8a525627f2e2dca6fb0ac2906dbef34760208bd6795bf38554c532b1751f01	
WALLDEF1.DAX	22	2340	1515	55f709478e6125cd1738c3005c84ca835b022e54880e6e55b997f70bb5773c7b	
